ВЬ-6366636	20.11.2022	ООО Луна	Paid	18.05.2022	Белоснежный глянец	-	В разработке
ЕЫ-9657427	31.05.2023	ООО Венера	Fabricating	18.02.2023	Белый глянец	Платина	В разработке
ТЪ-2519272	30.04.2023	ООО Луна	Accepted	18.05.2023	Кофе с молоком глянец	-	В разработке
ВУ-3708985	19.05.2023	ООО Юпитер	Delivering	05.07.2022	Крем-брюле глянец	-	В разработке
ЗБ-7479338	10.10.2022	ООО Сатурн	Manufactured	19.11.2022	Слоновая кость глянец	Платина	В разработке
ГО-9221618	26.03.2022	ООО Марс	Accepted	04.04.2022	Белый металлик	-	В разработке
ЧЖ-4591269	18.10.2022	ООО Земля	Realized	26.01.2022	Ваниль металлик	-	В разработке
РУ-7251775	24.05.2023	ООО Луна	Paid	19.12.2022	Волна металлик	-	В разработке
ЧР-8179360	29.06.2022	ООО Марс	InStock	17.04.2023	Глинтвейн металлик	-	В разработке
ДД-1281797	31.08.2022	ООО Юпитер	Accepted	29.01.2022	Ваниль металлик	Платина	В разработке
КЯ-8011804	02.06.2023	ООО Марс	Realized	15.04.2023	Крем-брюле глянец	-	В разработке
СА-2124335	10.07.2022	ООО Луна	Paid	12.11.2022	Слоновая кость глянец	-	В разработке
ДБ-4468972	20.04.2023	ООО Земля	Realized	08.04.2023	Белоснежный глянец	-	В разработке
КК-2928380	18.07.2022	ООО Юпитер	Paid	29.09.2022	Крем-брюле глянец	-	В разработке
РХ-3917501	01.03.2022	ООО Земля	Realized	31.10.2022	Волна металлик	Платина	В разработке
ШЕ-5947112	23.10.2022	ООО Марс	Fabricating	27.07.2022	Слоновая кость глянец	-	В разработке
ОУ-4071380	09.06.2022	ООО Нептун	InStock	08.04.2023	Волна металлик	-	В разработке
АЗ-7409522	24.05.2023	ООО Луна	Accepted	16.04.2022	Глинтвейн металлик	-	В разработке
ФУ-2469742	02.06.2023	ООО Нептун	Canceled	06.06.2023	Глинтвейн металлик	Платина	В разработке
ТЗ-7611639	09.06.2022	ООО Марс	Manufactured	01.05.2023	Ваниль металлик	-	В разработке